name,provider,type,amount,eligibility,deadline,apply_url,apply_email,apply_method,insider_tips,prerequisites,relevance_score,relevance_reason,tags,source_url,source_platform
National Institute of Food Technology Entrepreneurship and Management (NIFTEM),Ministry of Education (GOI),incubation,Not specified,"Food technology startups, various stages and sectors",Check website,,,,"Note that the page is not found, but this incubation might be relevant for Ultimate Chicken.",,10,Food technology startup with student founders in Telangana/Rajasthan,"food, technology",https://mofpi.gov.in/schemes/pli-scheme-food-processing-industry,official
Startup India Seed Fund Scheme (SISFS),Government of India,grant,Not specified,"DPIIT-recognised startups, incorporated less than 2 years ago, operational for at least 2-3 years",Rolling,https://seedfund.startupindia.gov.in/,,Apply online through the portal,"Highlight FSSAI pending certification, DPIIT recognition in progress, student founders, Rajasthan manufacturing, Telangana HQ. Emphasize innovation and market potential.","Get DPIIT recognition, Udyam registration",10,"Food tech startup with early-stage, student founders, Telangana/Rajasthan","food, early-stage, student, Telangana, Rajasthan",https://seedfund.startupindia.gov.in/,official
Technology Business Incubator (TBI),BITS Pilani Technology Business Incubator,incubation,Not specified,"Startups at BITS Pilani, with a focus on food technology and innovation",Rolling,https://tbi.bits-hyderabad.ac.in/,,Check website for application process,Focus on developing a business plan and pitching to investors.,"Get DPIIT recognition, Udyam registration",10,"Highly relevant to Ultimate Chicken's needs, as they are an early-stage startup in the food technology sector","incubation, startup",https://tbi.bits-hyderabad.ac.in/,official
Telangana Startup Policy,Government of Telangana,scheme,Not specified,"Startups in Telangana, any stage, sector, geography",Rolling,,,,Check the policy for specific benefits and incentives. Ultimate Chicken may be eligible for funding or other support under this policy.,,10,"Telangana-based startup, student founders","startup, policy",https://startup.telangana.gov.in/locations/at-city-center-27-division-street-usa-5/,official
100% Services Tax Reimbursement,Telangana Government,subsidy,Not specified,"Startups in Telangana, up to INR 1 Crore turnover per annum",Rolling,,,,Ensure DPIIT recognition and Udyam registration before applying. Highlight the student founder aspect and Telangana HQ.,"DPIIT recognition, Udyam registration",10,"Telangana-based startup with student founders, manufacturing in Rajasthan","subsidy, tax-reimbursement",https://startup.telangana.gov.in/jet-popup/eligibility/,official
India Accelerator,India Accelerator,incubation,Not specified,"Startups at every stage, sector: Food & Beverage, FMCG, Food Tech, Protein, RTE Chicken, Geography: India",Check website,https://indiaaccelerator.co/program/,,Apply Now on the website,"As a food startup with student founders from BITS Pilani, focus on getting DPIIT recognition and Udyam registration before applying. Highlight your unique selling proposition of zero preservatives and shelf-stable RTE chicken breast.",None mentioned,10,"Food startup with student founders from BITS Pilani, Rajasthan manufacturing, Telangana HQ","food, startup, accelerator",https://indiaaccelerator.co/program/,official
Surge,Peak XV (Sequoia),equity,Up to $3 million in seed funding,"Outlier founders, any sector, any geography",Rolling,https://surge.peakxv.com/how-it-works/,,"Apply through website, no email required","Highlight DPIIT recognition and Udyam registration progress, emphasize student founders' unique perspective, mention Rajasthan manufacturing and Telangana HQ",None specified,10,"Food tech startup with early-stage founders from BITS Pilani, Telangana/Rajasthan","equity, seed funding",https://www.surgeahead.com/,official
For Interest Subvention and Credit Guarantee,Ministry of Food Processing Industries (GOI),loan|subsidy,Not specified,"Food processing entrepreneurs, small-scale industries",Check website,,,,,"Get DPIIT recognition, Udyam registration",9,Relevant to food processing entrepreneurs and small-scale industries in Rajasthan,"loan, subsidy",https://mofpi.gov.in/schemes,official
Financial Incentives (Rajasthan Startup Policy 2022),Government of Rajasthan,grant|loan|equity,Not specified,"Registered startups in Rajasthan, any sector, any stage",Rolling,https://istart.rajasthan.gov.in/funding-incentives,,Register on the iStart website and fill out the application form,"As a food startup, focus on the Rajasthan Startup Policy 2022 for funding incentives.","Get DPIIT recognition, Udyam registration, FSSAI certification",9,"Rajasthan-based, student founders, food sector","startup, rajasthan, food",https://istart.rajasthan.gov.in/startup-definition,official
NEN Ignite Program,National Entrepreneurship Network (NEN),incubation,Not specified,"Early-stage startups, any sector, any geography",Check website,https://istart.rajasthan.gov.in/nen-ignite-program,,Register on the iStart Rajasthan platform and submit your application,"As a food startup with manufacturing in Rajasthan, you may be eligible for the NEN Ignite Program. Make sure to register on the platform and submit your application.",None specified,9,"Specifically focused on early-stage startups, with a focus on incubation","incubation, early-stage",https://istart.rajasthan.gov.in/nen-ignite-program,official
Banasthali Incubator,Banasthali University,incubation,Not specified,"Early-stage startups, any sector",Rolling,,,Contact Banasthali University directly for application process,Look for specific incubation opportunities under this program.,None mentioned,9,"Specific to early-stage startups, any sector","incubation, funding",https://istart.rajasthan.gov.in/,official
Startups,BITS Pilani Research & Innovation,scheme,Not specified,"Researchers and students at BITS Pilani, with a focus on startup ideas and innovation",Rolling,https://www.bits-pilani.ac.in/research/startups/,,Check website for application process,Focus on developing a business plan and pitching to investors.,,9,"Highly relevant to Ultimate Chicken's needs, as they are an early-stage startup in the food technology sector","startup, innovation",https://www.bits-pilani.ac.in/research/startups/,official
TVARAN 2.0,Villgro Innovation Foundation,grant,Not specified,"Startups working on technology-based solutions for social impact, with a focus on rural areas and smallholder farmers.",Applications open (2024-present),https://villgro.org/programs/tvaran/,,Read more on the application page,Highlight your solution's impact on rural livelihoods and social impact.,None specified,9,"Focus on technology-based solutions for social impact, which align with Ultimate Chicken's goals","social impact, rural areas",https://villgro.org/programs/,official
National Startup Awards 5.0,Startup India,grant|prize,₹10 Lakhs,"DPIIT-Recognized Startups, 20+ Categories",Not specified,https://www.startupindia.gov.in/content/sih/en/nsa2025.html,,Online Application,"Focus on social impact, employment, and scalable solutions. Highlight your innovation and impact.",DPIIT Recognition,8,"Food tech startup with DPIIT recognition, early-stage, student founders, Telangana HQ","grant, prize, food-tech",https://www.startupindia.gov.in/content/sih/en/nsa2025.html,official
Udyam Registration,"Government of India, Ministry of MSME",scheme,Free,"MSMEs, entrepreneurs, small and medium enterprises",Rolling,https://udyamregistration.gov.in/UdyamRegistration.aspx,,Online registration through the Udyam portal,"As a food startup, ensure you have FSSAI pending certification and DPIIT recognition before applying. Student founders may benefit from this scheme.",None,8,Relevant for early-stage food startups with student founders in Telangana/Rajasthan,"MSME, scheme",https://udyamregistration.gov.in/,official
Investor Targeting and Facilitation Desk,Ministry of Food Processing Industries (GOI),scheme|prerequisite,Not specified,"Food processing entrepreneurs, investors",Check website,,,,,"Get DPIIT recognition, Udyam registration",8,Relevant to food processing entrepreneurs and investors in Rajasthan,"scheme, prerequisite",https://mofpi.gov.in/schemes,official
India Investment Grid (IIG),Ministry of Food Processing Industries (GOI),scheme|prerequisite,Not specified,"Food processing entrepreneurs, investors",Check website,,,,,"Get DPIIT recognition, Udyam registration",8,Relevant to food processing entrepreneurs and investors in Rajasthan,"scheme, prerequisite",https://mofpi.gov.in/schemes,official
National Cooperative Development Corporation,Ministry of Food Processing Industries (GOI),scheme|prerequisite,Not specified,"Food processing cooperatives, entrepreneurs",Check website,,,,,"Get DPIIT recognition, Udyam registration",8,Relevant to food processing cooperatives and entrepreneurs in Rajasthan,"scheme, prerequisite",https://mofpi.gov.in/schemes,official
Agricultural and Processed Food Products Export Development Authority,Ministry of Food Processing Industries (GOI),scheme|prerequisite,Not specified,"Food processing exporters, entrepreneurs",Check website,,,,,"Get DPIIT recognition, Udyam registration",8,Relevant to food processing exporters and entrepreneurs in Rajasthan,"scheme, prerequisite",https://mofpi.gov.in/schemes,official
National Horticulture Board (NHB),Ministry of Food Processing Industries (GOI),scheme|prerequisite,Not specified,"Horticulture entrepreneurs, farmers",Check website,,,,,"Get DPIIT recognition, Udyam registration",8,Relevant to horticulture entrepreneurs and farmers in Rajasthan,"scheme, prerequisite",https://mofpi.gov.in/schemes,official
Cluster Development Programme of NHB & List of Clusters Identified,Ministry of Food Processing Industries (GOI),scheme|prerequisite,Not specified,"Food processing clusters, entrepreneurs",Check website,,,,,"Get DPIIT recognition, Udyam registration",8,Relevant to food processing clusters and entrepreneurs in Rajasthan,"scheme, prerequisite",https://mofpi.gov.in/schemes,official
T-Angel,T-Hub,grant|equity,Not specified,Revenue-generating startups preparing for first investment,Check website,https://t-hub.co/t-angel,,Read More on the program page,"Focus on revenue generation, leverage T-Hub's resources for investment readiness.",,8,"Specific to revenue-generating startups, but not specific to food or early-stage startups","grant, equity",https://t-hub.co/programs,official
Raise Your First Round,T-HUB,scheme,Not specified,"Startups from Telangana, any sector, early-stage","November 25, 2022",,,,Focus on raising your first round of funding.,,8,"Focused on early-stage startups, but not specifically food sector","startup, funding",https://startup.telangana.gov.in/events/raise-your-first-round/,official
Building Businesses in a Competitive Market,T-HUB,scheme,Not specified,"Startups from Telangana, any sector, early-stage","November 25, 2022",,,,Focus on building your business in a competitive market.,,8,"Focused on early-stage startups, but not specifically food sector","startup, market",https://startup.telangana.gov.in/events/building-businesses-in-a-competitive-market/,official
Agri-hackathon (VIBA),Startup Telangana,competition,Not specified,"Startups in agriculture or related sectors, any stage",Check website,,,,Ultimate Chicken may be eligible for this competition. Focus on developing a innovative solution for the agriculture sector.,,8,"Agriculture-related scheme, early-stage startups","agriculture, competition",https://startup.telangana.gov.in/events/agri-hackathon-viba/,official
iStart Rajasthan - Integrated Startup Platforms for StartUps in Rajasthan,Government of Rajasthan,scheme,Not specified,"Registered startups in Rajasthan, any sector, any stage",Rolling,https://istart.rajasthan.gov.in/startup-apply,,Register on the iStart website and fill out the application form,"As a food startup, focus on the Rajasthan Startup Policy 2022 for funding incentives.","Get DPIIT recognition, Udyam registration, FSSAI certification",8,"Rajasthan-based, student founders, food sector","startup, rajasthan, food",https://istart.rajasthan.gov.in/startup-definition,official
QRate,Government of Rajasthan,scheme,Not specified,"Registered startups in Rajasthan, any sector, any stage",Rolling,https://istart.rajasthan.gov.in/qrate,,Register on the iStart website and fill out the application form,"As a food startup, focus on the Rajasthan Startup Policy 2022 for funding incentives.","Get DPIIT recognition, Udyam registration, FSSAI certification",8,"Rajasthan-based, student founders, food sector","startup, rajasthan, food",https://istart.rajasthan.gov.in/startup-definition,official
Rajasthan Startup Policy 2022,Government of Rajasthan,policy,Not specified,"Rajasthan-based startups, early-stage, any sector",Rolling,https://istart.rajasthan.gov.in/funding-incentives,,Check the website for funding incentives and apply accordingly,Look for specific funding opportunities under this policy.,None mentioned,8,"Specific to Rajasthan-based startups, early-stage, any sector","policy, funding",https://istart.rajasthan.gov.in/,official
iStart Nest,Government of Rajasthan,incubation,Not specified,"Rajasthan-based startups, early-stage, any sector",Rolling,https://istart.rajasthan.gov.in/incubation-nest,,Check the website for iStart Nest and apply accordingly,Look for specific incubation opportunities under this program.,None mentioned,8,"Specific to Rajasthan-based startups, early-stage, any sector","incubation, funding",https://istart.rajasthan.gov.in/,official
iStart Nest (Incubation),Government of Rajasthan,incubation|scheme,Not specified,"Registered startups in Rajasthan, any sector, any stage",Rolling,https://istart.rajasthan.gov.in/incubation-nest,,Register on the iStart website and fill out the application form,"As a food startup, focus on finding mentors with experience in the food sector.","Get DPIIT recognition, Udyam registration, FSSAI certification",8,"Rajasthan-based, student founders, general startup scheme","startup, rajasthan",https://istart.rajasthan.gov.in/startup-definition,official
Patents,BITS Pilani Research & Innovation,scheme,Not specified,Researchers and students at BITS Pilani,Rolling,https://www.bits-pilani.ac.in/research/patents/,,Check website for application process,Focus on protecting intellectual property related to food technology.,,8,"Relevant to Ultimate Chicken's needs, as they are developing a new food product","patent, intellectual_property",https://www.bits-pilani.ac.in/research/patents/,official
Naif Rafi - Technology Lead | Senior Software Engineer,NAIF Agrifood Accelerator,incubation,Not specified,"Early-stage startups, Food & Beverage sector, Agri-food focus",Rolling,https://naif.in/agri-udaan/,,Contact the Technology Lead | Senior Software Engineer directly,"As a student-founded startup, Ultimate Chicken may benefit from Naif Rafi's expertise in software development and cloud computing. However, note that FSSAI certification is pending, which might impact eligibility.",,8,"Early-stage food startup with student founders, potential for Agri-food focus","food-tech, agri-food, early-stage",https://naif.in/agri-udaan/,official
Innovators for Bharat: Climate Resilient Agricultural Livelihoods,Villgro Innovation Foundation,grant,Not specified,"Startups working on climate-resilient agricultural livelihoods, with a focus on rural areas and smallholder farmers.",Applications closed (2023),https://villgro.org/programs/innovators-for-bharat-climate-resilient-agricultural-livelihoods/,,Read more on the application page,Emphasize your solution's impact on rural livelihoods and climate resilience.,None specified,8,"Focus on agriculture, climate resilience, and rural areas, which align with Ultimate Chicken's goals","agriculture, climate change",https://villgro.org/programs/,official
Fostering Innovation: Sustainable Mobility Challenge,Villgro Innovation Foundation,competition,Not specified,"Startups working on sustainable mobility solutions, with a focus on reducing carbon emissions.",Applications open (2022-present),https://villgro.org/programs/fostering-innovation-sustainable-mobility-challenge/,,Read more on the application page,Emphasize your solution's impact on reducing carbon emissions.,None specified,8,"Focus on sustainable mobility, which aligns with Ultimate Chicken's goals","sustainable mobility, carbon reduction",https://villgro.org/programs/,official
100X.VC Investment,100X.VC,equity,₹1.25cr for 15% of future equity ownership,"Seed stage startups from India, founders building their startup from India and looking to raise their first cheque",Rolling,https://form.jotform.com/100xvc/100xvc-startup-application,,"Fill up the application form, applications are accepted on a rolling basis. If there is an interest to evaluate further, founders will hear from 100X in 7–10 working days.",Highlight FSSAI pending certification and DPIIT recognition progress. Emphasize student founders' potential for innovation and growth. Mention manufacturing location in Rajasthan and HQ in Telangana.,,8,"Food tech, early-stage, student founders, Telangana/Rajasthan","investment, equity",https://100x.vc/apply/,official
AWS Activate for Startups,Amazon Web Services (AWS),cloud_credits,Not specified,"Startups, early-stage, various sectors and geographies",Rolling,https://aws.amazon.com/startups/,,"Sign up on AWS website, provide startup details","As a food tech startup with manufacturing in Rajasthan and HQ in Telangana, Ultimate Chicken may be eligible for AWS Activate credits. However, note that FSSAI certification is pending, which might impact eligibility.",,8,"AWS Activate is a well-known program for startups, and food tech is a relevant sector. However, the startup's stage (pre-revenue) and location (Rajasthan/Telangana) are also favorable.","cloud_credits, startups, food_tech",https://aws.amazon.com/startups/start-building/,official
Rubix,T-Hub,incubation,Not specified,"Startups with product ideas, looking to develop and refine their products",Check website,https://t-hub.co/rubrix-product-readiness-program,,Read More on the program page,"Focus on product development, leverage T-Hub's resources for refinement.",,7,"Specific to product development, but not specific to food or early-stage startups","incubation, product_development",https://t-hub.co/programs,official
Mentorship (iStart),Government of Rajasthan,incubation|scheme,Not specified,"Registered startups in Rajasthan, any sector, any stage",Rolling,https://istart.rajasthan.gov.in/mentors,,Register on the iStart website and fill out the application form,"As a food startup, focus on finding mentors with experience in the food sector.","Get DPIIT recognition, Udyam registration, FSSAI certification",7,"Rajasthan-based, student founders, general startup scheme","startup, rajasthan",https://istart.rajasthan.gov.in/startup-definition,official
The Carbon Project,Villgro Innovation Foundation,grant,Not specified,"Startups working on climate-related solutions, with a focus on reducing carbon emissions.",Applications closed (12 months),https://villgro.org/programs/the-carbon-project/,,Read more on the application page,Emphasize your solution's impact on reducing carbon emissions.,None specified,7,"Focus on climate-related solutions, which align with Ultimate Chicken's goals","climate change, carbon reduction",https://villgro.org/programs/,official
Tech Innovation For Solid Waste Management,Villgro Innovation Foundation,grant,Not specified,"Startups working on technology-based solutions for solid waste management, with a focus on urban areas.",Applications open (2023-present),https://villgro.org/programs/,,Read more on the application page,Highlight your solution's impact on waste reduction and sustainability.,None specified,7,"Focus on technology-based solutions for solid waste management, which aligns with Ultimate Chicken's goals","solid waste management, sustainability",https://villgro.org/programs/,official
Zepto Nova Pitch in 10 Programme,Startup India,incubation|accelerator,Not specified,"Startups with innovative ideas, early traction",2026-05-22,https://www.startupindia.gov.in/content/sih/en/ams-application/accelerator-program.html?applicationId=69e7266fe4b07b726dda1497,,Online Application,"Focus on innovative ideas, early traction. Highlight your startup's potential for growth.",None specified,6,"General startup scheme, not specifically focused on food tech or student founders","incubation, accelerator",https://www.startupindia.gov.in/content/sih/en/ams-application.html,official
Infineon Co-Innovation Program (COINS),Startup India,incubation|co-innovation,Not specified,"Startups with innovative ideas, early traction",2026-06-30,https://www.startupindia.gov.in/content/sih/en/ams-application/incubator-program.html?applicationId=695b7c3fe4b03cb05423d594,,Online Application,"Focus on innovative ideas, early traction. Highlight your startup's potential for growth.",None specified,6,"General startup scheme, not specifically focused on food tech or student founders","incubation, co-innovation",https://www.startupindia.gov.in/content/sih/en/ams-application.html,official
TReDS Platform,"Government of India, Ministry of MSME",platform,Not specified,"MSMEs, entrepreneurs, small and medium enterprises",Rolling,"https://www.invoicemart.com/, https://www.m1xchange.com/, https://www.rxil.in/, https://www.dtxindia.in/",,Online registration through the TReDS platform,"As a food startup, ensure you have FSSAI pending certification and DPIIT recognition before applying. Student founders may benefit from this scheme.",None,6,"General platform for MSMEs, not specifically tailored to food startups or student founders","MSME, platform",https://udyamregistration.gov.in/,official
Lab 32,T-Hub,incubation,Not specified,Startups looking to scale and grow their businesses,Check website,https://t-hub.co/lab32,,Read More on the program page,"Focus on scaling, leverage T-Hub's resources for growth.",,6,"General startup scheme, not specific to food or early-stage startups","incubation, scaling",https://t-hub.co/programs,official
Rajiv Gandhi Innovation Award,Government of Rajasthan,competition,Not specified,"Rajasthan-based startups, any sector, any stage",Check website,https://istart.rajasthan.gov.in/rajiv-gandhi-innovation-award,,Register on the iStart Rajasthan platform and submit your application,"As a food startup with manufacturing in Rajasthan, you may be eligible for the Rajiv Gandhi Innovation Award. Make sure to register on the platform and submit your application.",None specified,6,"General innovation award, not specifically focused on food or early-stage startups","competition, Rajasthan",https://istart.rajasthan.gov.in/rajiv-gandhi-innovation-award,official
Acceleration Program (NEN Ignite),National Entrepreneurship Network (NEN),incubation|scheme,Not specified,"Registered startups in Rajasthan, any sector, any stage",Rolling,https://istart.rajasthan.gov.in/nen-ignite-program,,Register on the iStart website and fill out the application form,"As a food startup, focus on finding mentors with experience in the food sector.","Get DPIIT recognition, Udyam registration, FSSAI certification",6,"General startup scheme, not specific to Rajasthan or food sector","startup, rajasthan",https://istart.rajasthan.gov.in/startup-definition,official
Facilities,BITS Pilani Research & Innovation,scheme,Not specified,Researchers and students at BITS Pilani,Rolling,https://www.bits-pilani.ac.in/research/rd-center/,,Check website for application process,Focus on utilizing the Central Analytical Laboratory and Clean Room: Micro and Nano Fabrication Facility.,,6,"Relevant to Ultimate Chicken's needs, as they require laboratory facilities for product development","facility, laboratory",https://www.bits-pilani.ac.in/research/rd-center/,official
SAAF Cities: Shaping Waste-Free Communities,Villgro Innovation Foundation,grant,Not specified,"Startups working on waste management and sustainability solutions, with a focus on urban areas.",Applications open (2025-present),https://villgro.org/programs/saaf-cities-shaping-waste-free-communities/,,Read more on the application page,Emphasize your solution's impact on waste reduction and sustainability.,None specified,6,"Focus on sustainability, which aligns with Ultimate Chicken's goals","waste management, sustainability",https://villgro.org/programs/,official
HomeRun Masterclass Series,100X.VC,incubation,Not specified,"Portfolio entrepreneurs of 100X.VC, startups from India",Check website,,,Invitation-only for selected startups,Network with industry experts and mentors to improve product and business model. Leverage the 100X community for connections and guidance.,Being part of 100X.VC portfolio,6,"General startup support, not specific to food tech or early-stage","incubation, networking",https://100x.vc/apply/,official
Tribal Business Conclave Open Grand Challenge,Startup India,competition|grant,Not specified,"Startups with innovative ideas, early traction",2026-06-15,https://www.startupindia.gov.in/content/sih/en/ams-application/challenge.html?applicationId=69e0a2bce4b03fe8db9a6f8f,,Online Application,"Focus on innovative ideas, early traction. Highlight your startup's potential for growth.",None specified,5,"General startup scheme, not specifically focused on food tech or student founders","competition, grant",https://www.startupindia.gov.in/content/sih/en/ams-application.html,official
TribePreneurs Idea Quest,Startup India,competition|grant,Not specified,"Startups with innovative ideas, early traction",2026-06-15,https://www.startupindia.gov.in/content/sih/en/ams-application/challenge.html?applicationId=69e58bd3e4b0e7f6cc6062c2,,Online Application,"Focus on innovative ideas, early traction. Highlight your startup's potential for growth.",None specified,5,"General startup scheme, not specifically focused on food tech or student founders","competition, grant",https://www.startupindia.gov.in/content/sih/en/ams-application.html,official
Amazon Saheli Accelerate Program for Women Entrepreneurs,Startup India,incubation|accelerator,Not specified,"Women-led startups with innovative ideas, early traction",2026-04-30,https://www.startupindia.gov.in/content/sih/en/ams-application/accelerator-program.html?applicationId=690b081ee4b06dfd0cb01970,,Online Application,"Focus on innovative ideas, early traction. Highlight your startup's potential for growth.",None specified,5,"General startup scheme, not specifically focused on food tech or student founders","incubation, accelerator",https://www.startupindia.gov.in/content/sih/en/ams-application.html,official
"VIVATECH 2026, Paris",Startup India,competition|grant,Not specified,"Startups with innovative ideas, early traction",2026-05-07,https://www.startupindia.gov.in/content/sih/en/ams-application/challenge.html?applicationId=69e0a2bce4b03fe8db9a6f8f,,Online Application,"Focus on innovative ideas, early traction. Highlight your startup's potential for growth.",None specified,5,"General startup scheme, not specifically focused on food tech or student founders","competition, grant",https://www.startupindia.gov.in/content/sih/en/ams-application.html,official
MOFPI PLI Scheme for Food Processing,Ministry of Food Processing Industries (GOI),scheme,Not specified,"Food processing industry, various stages, sectors, and geographies",Check website,,,,"Note that the page is not found, but this scheme might be relevant for Ultimate Chicken.",,5,General startup scheme,"food, processing",https://mofpi.gov.in/schemes/pli-scheme-food-processing-industry,official
PMFME (Prime Minister's Formalisation of Micro Food Processing Enterprises),Ministry of Food Processing Industries (GOI),scheme,Not specified,"Micro food processing enterprises, various stages and sectors",Check website,,,,"Note that the page is not found, but this scheme might be relevant for Ultimate Chicken.",,5,General startup scheme,"food, processing",https://mofpi.gov.in/schemes/pli-scheme-food-processing-industry,official
PMSKY (Pradhan Mantri Kisan Sampada Yojana),Ministry of Food Processing Industries (GOI),scheme,Not specified,"Agricultural and food processing industries, various stages and sectors",Check website,,,,"Note that the page is not found, but this scheme might be relevant for Ultimate Chicken.",,5,General startup scheme,"agriculture, food",https://mofpi.gov.in/schemes/pli-scheme-food-processing-industry,official
"National Portal for Registration of Micro, Small & Medium Enterprises (MSME)",Ministry of MSME (GOI),scheme,Not specified,"Micro, small and medium enterprises, various stages and sectors",Check website,,,,"Note that the page is not found, but this scheme might be relevant for Ultimate Chicken.",,5,General startup scheme,MSME,https://mofpi.gov.in/schemes/pli-scheme-food-processing-industry,official
World Food India,Ministry of Food Processing Industries (GOI),event|competition,Not specified,"General public, food industry stakeholders",Check website,,,,,,5,"Not specifically for startups or food tech, but relevant to the sector","event, competition",https://mofpi.gov.in/schemes,official
Digital India Awards 2020,Ministry of Food Processing Industries (GOI),competition,Not specified,"General public, digital initiatives",Check website,,,,,,5,"Not specifically for startups or food tech, but relevant to the sector",competition,https://mofpi.gov.in/schemes,official
National Award for Outstanding Entrepreneurship,Government of India,award,Not specified,All entrepreneurs,Check website,,,,,,5,"General startup scheme, not specifically for food startups or early-stage companies","MSME, award",https://msme.gov.in/schemes,official
Entrepreneur Skill Development Programme,Government of India,incubation,Not specified,All entrepreneurs,Check website,,,,,,5,"General startup scheme, not specifically for food startups or early-stage companies","MSME, incubation",https://msme.gov.in/schemes,official
Scheme for providing financial assistance for R & D activities of Coir Board under Central Sector Plan Scheme of Science & Technology (S&T) of the Coir Board,"Ministry of Micro, Small & Medium Enterprises, Government of India",grant|scheme,Not specified,"Coir Board, R&D activities, Central Sector Plan Scheme of Science & Technology (S&T)",Check website,https://msme.gov.in/schemes/scheme-providing-financial-assistance-r-d-activities-coir-board-under-central-sector-plan-0,,File Upload: MDAAPPFORM.pdf,"This scheme is not directly relevant to Ultimate Chicken, but it's worth noting that the Coir Board is a government organization that provides financial assistance for R&D activities. As a food startup with manufacturing in Rajasthan and HQ in Telangana, Ultimate Chicken may be eligible for other schemes or grants offered by the MSME Ministry.",,5,"General startup scheme, not specifically tailored to food startups","grant, scheme",https://msme.gov.in/schemes/scheme-providing-financial-assistance-r-d-activities-coir-board-under-central-sector-plan-0,official
Funding support for strengthening of infrastructure of EDIs,MSME Ministry,grant,Not specified,EDIs (Entrepreneurship Development Institutes),Check website,,,,Ultimate Chicken should focus on getting DPIIT recognition and Udyam registration before applying.,"Get DPIIT recognition, Udyam registration",5,"General startup scheme, not specific to food or early-stage startups in Telangana/Rajasthan","MSME, grant",https://msme.gov.in/schemes/funding-support-strengthening-infrastructure-edis,official
Funding support to provide for security amount for extending credit to MFIs/NGOs,MSME Ministry,grant,Not specified,"MFIs, NGOs",Check website,,,,,,5,"General startup scheme, not specific to food or early-stage startups","MSME, grant",https://msme.gov.in/schemes/funding-support-provide-security-amount-extending-credit-mfisngos,official
Enable participation of MSMEs in international trade fairs and provide funding support,MSME Ministry,grant|loan,Not specified,"MSMEs, international trade fairs, funding support",Check website,https://msme.gov.in/schemes/enable-participation-msmes-international-trade-fairs-and-provide-funding-support,,Step-by-step application process on the website,"As a food startup, focus on international trade fairs and funding support. Consider applying for DPIIT recognition and Udyam registration before applying.","DPIIT recognition, Udyam registration",5,"General startup scheme, not specifically focused on food or early-stage startups","grant, loan, MSME",https://msme.gov.in/schemes/enable-participation-msmes-international-trade-fairs-and-provide-funding-support,official
Funding support for the formation of Entrepreneur's Clubs,"Ministry of Micro, Small & Medium Enterprises, Government of India",grant|scheme,Not specified,"Entrepreneur's clubs, student entrepreneurs, startups in various sectors",Check website,https://msme.gov.in/schemes/funding-support-formation-entrepreneurs-clubs,,File upload of EntrepreneurshipClubScheme.pdf,"Focus on DPIIT recognition and Udyam registration for Ultimate Chicken. Highlight the unique aspects of your startup, such as zero preservatives and shelf-stable RTE chicken breast.",None mentioned,5,General startup scheme with no specific focus on food or early-stage startups in Telangana/Rajasthan,"startup, entrepreneurship, funding",https://msme.gov.in/schemes/funding-support-formation-entrepreneurs-clubs,official
Funding support for conducting programs for empowerment of women,MSME Ministry,grant,Not specified,"Women-led MSMEs, startups, small businesses",Check website,https://msme.gov.in/schemes/funding-support-conducting-programs-empowerment-women,,Submit application through website,"As a food startup with student founders, manufacturing in Rajasthan, and HQ in Telangana, Ultimate Chicken may be eligible for this grant. However, note that FSSAI certification is pending.",None mentioned,5,"General startup scheme, not specifically focused on food or early-stage startups","grant, MSME, women empowerment",https://msme.gov.in/schemes/funding-support-conducting-programs-empowerment-women,official
FoSCoS - FSSAI,FSSAI,scheme,Not specified,"Food businesses, various stages and sectors",Rolling,https://foscos.fssai.gov.in/,,Online application through FoSCoS portal,"Check FSSAI's eligibility criteria for your business, ensure you have all necessary documents ready before applying.",None specified,5,"General startup scheme, not specific to food or early-stage startups","FSSAI, scheme",https://foscos.fssai.gov.in/,official
FoSTaC & FOSCOS,FSSAI,grant|loan,Not specified,"Food businesses, various stages and sectors",Rolling,https://foscos.fssai.gov.in/,,Online application through FoSCoS portal,"Check FSSAI's eligibility criteria for your business, ensure you have all necessary documents ready before applying.",None specified,5,"General startup scheme, not specific to food or early-stage startups","FSSAI, grant|loan",https://foscos.fssai.gov.in/,official
Tatkal License/Registration,FSSAI,scheme,Not specified,"Food businesses, various stages and sectors",Rolling,https://foscos.fssai.gov.in/,,Online application through FoSCoS portal,"Check FSSAI's eligibility criteria for your business, ensure you have all necessary documents ready before applying.",None specified,5,"General startup scheme, not specific to food or early-stage startups","FSSAI, scheme",https://foscos.fssai.gov.in/,official
Instant License and Registration,FSSAI,scheme,Not specified,"Food businesses, various stages and sectors",Rolling,https://foscos.fssai.gov.in/,,Online application through FoSCoS portal,"Check FSSAI's eligibility criteria for your business, ensure you have all necessary documents ready before applying.",None specified,5,"General startup scheme, not specific to food or early-stage startups","FSSAI, scheme",https://foscos.fssai.gov.in/,official
Annual Return,FSSAI,scheme,Not specified,"Food businesses, various stages and sectors",Rolling,https://foscos.fssai.gov.in/,,Online application through FoSCoS portal,"Check FSSAI's eligibility criteria for your business, ensure you have all necessary documents ready before applying.",None specified,5,"General startup scheme, not specific to food or early-stage startups","FSSAI, scheme",https://foscos.fssai.gov.in/,official
Consumer Grievance,FSSAI,scheme,Not specified,"Consumers, various stages and sectors",Rolling,https://foscos.fssai.gov.in/,,Online application through FoSCoS portal,"Check FSSAI's eligibility criteria for your business, ensure you have all necessary documents ready before applying.",None specified,5,"General startup scheme, not specific to food or early-stage startups","FSSAI, scheme",https://foscos.fssai.gov.in/,official
Food Recall functionality under FoSCoS,FSSAI,scheme,Not specified,"Food businesses, various stages and sectors",Rolling,https://foscos.fssai.gov.in/,,Online application through FoSCoS portal,"Check FSSAI's eligibility criteria for your business, ensure you have all necessary documents ready before applying.",None specified,5,"General startup scheme, not specific to food or early-stage startups","FSSAI, scheme",https://foscos.fssai.gov.in/,official
Compliance obligations of E-commerce FBOs in the context of Open Network for Digital Commerce model,FSSAI,scheme,Not specified,"E-commerce food businesses, various stages and sectors",Rolling,https://foscos.fssai.gov.in/,,Online application through FoSCoS portal,"Check FSSAI's eligibility criteria for your business, ensure you have all necessary documents ready before applying.",None specified,5,"General startup scheme, not specific to food or early-stage startups","FSSAI, scheme",https://foscos.fssai.gov.in/,official
"Implementation of revised turnover threshold for food businesses under Food Safety and Standards (Licensing and Registration of Food Businesses) Regulations, 2011",FSSAI,scheme,Not specified,"Food businesses, various stages and sectors",Rolling,https://foscos.fssai.gov.in/,,Online application through FoSCoS portal,"Check FSSAI's eligibility criteria for your business, ensure you have all necessary documents ready before applying.",None specified,5,"General startup scheme, not specific to food or early-stage startups","FSSAI, scheme",https://foscos.fssai.gov.in/,official
Call for Nomination for Member of Central Advisory Commitee of FSSAI-reg.,FSSAI,competition,Not specified,"Various stages and sectors, specific to FSSAI members",Rolling,https://fssai.gov.in/upload/uploadfiles,,Online application through FoSCoS portal,"Check FSSAI's eligibility criteria for your business, ensure you have all necessary documents ready before applying.",None specified,5,"General startup scheme, not specific to food or early-stage startups","FSSAI, competition",https://fssai.gov.in/upload/uploadfiles,official
Foundation,T-Hub,incubation,Not specified,Startups at ideation stage or preparing for market entry,Check website,https://t-hub.co/foundation,,Read More on the program page,"Focus on building scale, leverage T-Hub's resources for growth.",,5,"General startup scheme, not specific to food or early-stage startups","incubation, ideation",https://t-hub.co/programs,official
Kotak Bizlabs,T-Hub and Kotak,incubation|equity,Not specified,Startups looking to scale and make a positive impact on society,Check website,https://t-hub.co/kotak-bizlabs-old,,Read More on the program page,"Focus on scaling and social impact, leverage T-Hub's resources for growth.",,5,"General startup scheme, not specific to food or early-stage startups","incubation, equity",https://t-hub.co/programs,official
Guide to Startup Investing,T-HUB,scheme,Not specified,"Startups from Telangana, any sector, any stage","November 25, 2022",,,,Focus on learning about startup investing.,,5,"General startup scheme, not specifically focused on food or early-stage startups","startup, investing",https://startup.telangana.gov.in/events/guide-to-startup-investing/,official
"At City Center, 27 Division Street, USA",Startup Telangana,location,Not specified,"Startups in any sector, any stage, located in Telangana",Rolling,,,,Ultimate Chicken may be eligible for support or funding under this location-based scheme. Check the website for more information.,,5,"General startup scheme, not specifically focused on food or early-stage startups","location, startup",https://startup.telangana.gov.in/locations/at-city-center-27-division-street-usa/,official
AsiaBerlin Summit 2022 T-Hub and The Ecosystem,Startup Telangana,event,Not specified,"Startups in any sector, any stage",Check website,,,,Ultimate Chicken may be eligible for this event. Focus on networking and collaboration opportunities.,,5,"General startup scheme, not specifically focused on food or early-stage startups","event, startup",https://startup.telangana.gov.in/events/asiaberlin-summit-2022-t-hub-and-the-ecosystem/,official
IP Session for Startups,Government of Telangana,event,Not specified,"Startups in Telangana, any stage, sector, geography","September 16, 2022",,,,Ultimate Chicken may be eligible for this event. Check the details and apply if relevant.,,5,"General startup event, not specifically focused on food or early-stage startups","event, startup",https://startup.telangana.gov.in/events/ip-session-for-startups/,official
Pitch in the Ring,T-Hub,competition,Not specified,"Startups at any stage, sector, geography",Check website for deadline,https://startup.telangana.gov.in/events/pitch-in-the-ring/,,Check website for application process,Ultimate Chicken should focus on showcasing their product and business model to attract investors.,None mentioned,5,"General startup competition, not specifically focused on food or early-stage startups","competition, pitch",https://startup.telangana.gov.in/events/pitch-in-the-ring/,official
Assistive Technology Summit 2.0,Government of Telangana,event,Not specified,"Startups in Telangana, any stage, sector, geography","January 4, 2022",,,,Ultimate Chicken may find opportunities for collaboration or funding at this event.,,5,General startup event,"event, assistive technology",https://startup.telangana.gov.in/events/assistive-technology-summit-2-0/,official
"Interaction with the Managing Director, World Economic Forum",Government of Telangana,event,Not specified,"Startups in Telangana, any stage, sector, geography","April 28, 2022",,,,Ultimate Chicken may find opportunities for networking or funding at this event.,,5,General startup event,"event, world economic forum",https://startup.telangana.gov.in/events/interaction-with-the-managing-director-world-economic-forum/,official
NABARD’s RBICs Review-cum-Exposure Meeting,National Bank for Agriculture and Rural Development (NABARD),competition,Not specified,"Startups in Telangana, any stage, sector, geography","December 1, 2021",,,,Ultimate Chicken may benefit from exposure to NABARD’s RBICs. Focus on showcasing the startup's potential for rural impact.,,5,"General startup competition, not specifically focused on food or early-stage startups","competition, NABARD",https://startup.telangana.gov.in/events/review-cum-exposure-meeting-of-nabards-rbics/,official
TSIC Innovation Immersion Program – Edition 1 Yadadri Bhuvanagiri,Telangana State Innovation Cell (TSIC),incubation,Not specified,"Startups in Telangana, any stage, sector, geography","August 8, 2022",,,,Ultimate Chicken may benefit from the incubation program. Focus on showcasing the startup's innovation and potential for growth.,,5,"General startup incubation program, not specifically focused on food or early-stage startups","incubation, TSIC",https://startup.telangana.gov.in/events/tsic-innovation-immersion-program-edition-1-yadadri-bhuvanagiri/,official
Grants,BITS Pilani Research & Innovation,grant,Not specified,Researchers and students at BITS Pilani,Rolling,https://www.bits-pilani.ac.in/research/grants/,,Check website for application process,Focus on food-related research and innovation projects.,,5,"General startup scheme, not specific to Ultimate Chicken's needs","grant, research",https://www.bits-pilani.ac.in/research/grants/,official
NIDHI-SEED Support System,National Science & Technology Entrepreneurship Development Board (NSTEDB),grant|loan,Not specified,"Early-stage startups, Technology-based ventures, Not limited to specific sector or geography",Check website,,,,"Apply for DPIIT recognition and Udyam registration before applying. Highlight the unique aspects of your product, such as zero preservatives and shelf-stable RTE chicken breast.","DPIIT recognition, Udyam registration",5,"General startup scheme, not specific to food or early-stage startups in Telangana/Rajasthan","grant, loan",https://nstedb.com/,official
List of Technology Business Incubators (TBIs) Implementing NIDHI-SEED Support System (NIDHI-SSS),National Science & Technology Entrepreneurship Development Board (NSTEDB),incubation,Not specified,"Early-stage startups, Technology-based ventures, Not limited to specific sector or geography",Check website,,,,Research and find a suitable TBI that fits your needs. Highlight the benefits of incubation for Ultimate Chicken.,,5,"General startup scheme, not specific to food or early-stage startups in Telangana/Rajasthan",incubation,https://nstedb.com/,official
Rajasthan MSME & Industries Policy,Government of Rajasthan,scheme,Not specified,"MSMEs in Rajasthan, various sectors including food and beverage",Check website,,,,Ultimate Chicken should focus on getting DPIIT recognition and Udyam registration to be eligible for other schemes.,"Get DPIIT recognition, Udyam registration",5,"General startup scheme, not specifically targeting food or early-stage startups with student founders in Telangana/Rajasthan","MSME, Rajasthan",https://industries.rajasthan.gov.in/,official
Startup India Seed Fund,Villgro Innovation Foundation,grant,Not specified,"Startups at the ideation or prototype stage, with a scalable business model and potential for high impact.",Applications open,https://villgro.org/programs/startup-india-seed-fund-scheme-2/,,Read more on the application page,"Focus on innovation, scalability, and impact. Highlight your unique value proposition.",None specified,5,"General startup scheme, not specific to food or early-stage startups","startup, seed fund",https://villgro.org/programs/,official
Scaling Invention-Based Enterprises,Villgro Innovation Foundation,incubation,Not specified,"Startups with a scalable business model and potential for high impact, working on invention-based solutions.",Applications open (rolling),https://villgro.org/programs/scaling-impact-via-invention-based-enterprises/,,Read more on the application page,Highlight your unique value proposition and scalability potential.,None specified,5,"General startup scheme, not specific to food or early-stage startups","scaling, invention-based",https://villgro.org/programs/,official
"15th National Biennial Campaign for Green Grassroots unaided Technological Innovations, Ideas & Outstanding Traditional Knowledge",National Innovation Foundation (NIF),competition,Not specified,Individuals and local communities in any technological field,31st March 2027,,,,"NIF scouts, supports and spawns' grassroots innovations developed by individuals and local communities.",,5,General startup scheme,"innovation, competition",https://nif.org.in/,official
iPhD Programme,National Innovation Foundation (NIF),incubation,Not specified,Individuals and local communities in any technological field,Rolling,,,,NIF tries to ensure that such innovations diffuse widely through commercial and/or non-commercial channels.,,5,General startup scheme,"incubation, program",https://nif.org.in/,official
"Scouting, Documentation and Database Management (SDDM)",National Innovation Foundation (NIF),scheme,Not specified,Individuals and local communities in any technological field,Rolling,,,,"NIF scouts, supports and spawns' grassroots innovations developed by individuals and local communities.",,5,General startup scheme,"scheme, database",https://nif.org.in/,official
Value Addition Research & Development – AGRICULTURE,National Innovation Foundation (NIF),incubation,Not specified,Individuals and local communities in any technological field,Rolling,,,,NIF tries to ensure that such innovations diffuse widely through commercial and/or non-commercial channels.,,5,General startup scheme,"incubation, agriculture",https://nif.org.in/,official
Value Addition Research & Development – ENGINEERING,National Innovation Foundation (NIF),incubation,Not specified,Individuals and local communities in any technological field,Rolling,,,,NIF tries to ensure that such innovations diffuse widely through commercial and/or non-commercial channels.,,5,General startup scheme,"incubation, engineering",https://nif.org.in/,official
Value Addition Research & Development – HUMAN HEALTH & VETERINARY,National Innovation Foundation (NIF),incubation,Not specified,Individuals and local communities in any technological field,Rolling,,,,NIF tries to ensure that such innovations diffuse widely through commercial and/or non-commercial channels.,,5,General startup scheme,"incubation, health",https://nif.org.in/,official
Business Development,National Innovation Foundation (NIF),scheme,Not specified,Individuals and local communities in any technological field,Rolling,,,,NIF tries to ensure that such innovations diffuse widely through commercial and/or non-commercial channels.,,5,General startup scheme,"scheme, business",https://nif.org.in/,official
Innovations,National Innovation Foundation (NIF),competition,Not specified,Individuals and local communities in any technological field,Rolling,,,,"NIF scouts, supports and spawns' grassroots innovations developed by individuals and local communities.",,5,General startup scheme,"innovation, competition",https://nif.org.in/,official
NASSCOM 10K Startups,NASSCOM,incubation,Not specified,"Early-stage startups, Sector: Technology and IT, Geography: India",Check website,https://nasscom.in/10000startups/,,Step 1: Register on the NASSCOM 10K Startups platform. Step 2: Fill out the application form.,"As a food tech startup, Ultimate Chicken may benefit from the incubation services provided by NASSCOM 10K Startups. However, note that the scheme is not specifically tailored for food startups and has no direct relevance to FSSAI pending certification or DPIIT recognition.",,5,General startup incubation program,"incubation, startup",https://nasscom.in/10000startups/,official
VC Pitch Day,100X.VC,competition,Not specified,"Portfolio entrepreneurs of 100X.VC, startups from India",Check website,,,Invitation-only for selected startups,Prepare a strong pitch to showcase product and business potential. Leverage the 100X network for connections and guidance.,Being part of 100X.VC portfolio,5,"General startup support, not specific to food tech or early-stage","competition, pitching",https://100x.vc/apply/,official
Antler India Residency,Antler,incubation|equity,INR 4Cr (~$470K) for 11% in total investment with potential $30M in Follow-On Capital,"Exceptional founding teams building promising AI solutions, available to join full-time in Bangalore from February 23 for up to 3 weeks.","February 19th, 2026",https://www.antler.co/apply,,Apply online through the provided link,Highlight your AI solution's potential for global impact and scalability. Emphasize your team's commitment to full-time work during the residency.,None specified,5,"General startup scheme, not specifically tailored to food or early-stage startups in Telangana/Rajasthan","AI, incubation, equity",https://www.antler.co/location/india,official
Google for Startups Cloud Program,Google for Startups,cloud_credits,Not specified,"Startups of all stages and sectors, worldwide",Check website,https://startup.google.com/intl/en_in/cloud/#next-step,,Explore programs on the Google for Startups website,"As a food startup with manufacturing in Rajasthan and HQ in Telangana, consider applying to this program for cloud credits.",,5,"General startup scheme, not specifically tailored to food or early-stage startups","cloud, credits",https://startup.google.com/intl/en_in/,official
Google for Startups Products,Google for Startups,product,Not specified,"Startups of all stages and sectors, worldwide",Check website,https://startup.google.com/intl/en_in/products/,,Explore products on the Google for Startups website,"As a food startup with manufacturing in Rajasthan and HQ in Telangana, consider using Google's innovative tools and products to improve your business.",,5,"General startup scheme, not specifically tailored to food or early-stage startups",product,https://startup.google.com/intl/en_in/,official
Google for Startups Alumni Network,Google for Startups,network,Not specified,Startups that have participated in Google for Startups programs,Check website,https://startup.google.com/intl/en_in/alumni/,,Explore the alumni network on the Google for Startups website,"As a food startup with manufacturing in Rajasthan and HQ in Telangana, consider connecting with other startups and industry leaders through this network.",,5,"General startup scheme, not specifically tailored to food or early-stage startups",network,https://startup.google.com/intl/en_in/,official
Microsoft for Startups,Microsoft,cloud_credits|grant,"up to $150,000 in credits",startups innovating on Azure,Check website,https://go.microsoft.com/fwlink/?linkid=2325925&clcid=0x409&culture=en-us&country=us,,Join thousands of startups innovating on Azure. Claim your benefits today.,"As a food tech startup with pending FSSAI certification, no DPIIT recognition yet, and student founders from BITS Pilani, focus on the cloud credits for infrastructure and scalability. Consider applying after obtaining DPIIT recognition and Udyam registration.",None mentioned,5,General startup scheme with no specific relevance to food tech or early-stage startups from Telangana/Rajasthan,"cloud_credits, grant",https://www.microsoft.com/en-us/startups,official
Atal Ranking of Institutions on Innovation Achievements (ARIIA),"Ministry of Education, Government of India",scheme,Not specified,Institutions with innovation achievements,Check website,,,Contact individual institutions for application process,BSACIST has received a 5-star rating for Institutional Innovation Council.,None specified,4,"General scheme, not specific to food sector or student founders","scheme, innovation",https://seedfund.startupindia.gov.in/portfolio,official
Innovators Hackathon 2026,T-Hub,competition,Not specified,Startups working on innovative solutions in wholesale distribution,Check website,https://t-hub.co/innovators-hackathon-2026,,Read More on the program page,"Focus on innovative solutions, leverage T-Hub's resources for growth.",,4,"Specific to wholesale distribution, but not specific to food or early-stage startups","competition, innovation",https://t-hub.co/programs,official
Winsupply Solution Accelerator Program,T-Hub and Winsupply,grant|equity,Not specified,Startups working on innovative solutions in wholesale distribution,Check website,https://t-hub.co/winsupply-solution-accelerator-program,,Read More on the program page,"Focus on innovative solutions, leverage T-Hub's resources for growth.",,4,"Specific to wholesale distribution, but not specific to food or early-stage startups","grant, equity",https://t-hub.co/programs,official
Sensitisation Session on Rural Agri-Innovations,Rythu Vedika,competition,Not specified,"Innovators from Telangana, agri sector, any stage","December 7, 2022",,,,Focus on rural agri-innovations and get feedback.,,4,"Focused on agri sector, but not specifically early-stage startups","competition, agri",https://startup.telangana.gov.in/events/sensitisation-session-on-rural-agri-innovations/,official
Startup India Workshop for 15 State Governments,Government of India,event,Not specified,"Startups in Telangana, any stage, sector, geography",Check website,,,,Ultimate Chicken may be able to learn from other startups and government officials at this workshop.,,4,"General startup event, not specifically focused on food or early-stage startups","event, workshop",https://startup.telangana.gov.in/events/startup-india-workshop-for-15-state-governments/,official
MAP-Health (Market Access Partnerships for Healthcare),Villgro Innovation Foundation,grant,Not specified,"Startups working on healthcare-related solutions, with a focus on market access and partnerships.",Applications open (2025-present),https://villgro.org/programs/map-health-market-access-partnerships-for-healthcare/,,Read more on the application page,Highlight your solution's potential for market access and partnerships.,None specified,4,"General healthcare scheme, not specific to food or early-stage startups","healthcare, market access",https://villgro.org/programs/,official
Maruti Mobility Challenge,T-Hub and Maruti Suzuki,grant|equity,Not specified,Mature startups working on cutting-edge mobility solutions,Check website,https://t-hub.co/mobility-challenge-old,,Read More on the program page,"Focus on mobility solutions, leverage T-Hub's resources for growth.",,3,"Specific to mobility solutions, but not specific to food or early-stage startups","grant, equity",https://t-hub.co/programs,official
Lilly -T-Hub,T-Hub and Lilly,incubation|equity,Not specified,Startups working on innovative solutions in pharmaceuticals,Check website,https://t-hub.co/lilly,,Read More on the program page,"Focus on innovative solutions, leverage T-Hub's resources for growth.",,3,"Specific to pharmaceuticals, but not specific to food or early-stage startups","incubation, equity",https://t-hub.co/programs,official
Idea Validation Bootcamp for 40+ Innovators,"T-Hub, Phase 2",competition,Not specified,"Innovators from Telangana, any sector, any stage","December 9, 2022",,,,Focus on validating your idea and getting feedback.,,3,Not specifically focused on food or early-stage startups,"competition, bootcamp",https://startup.telangana.gov.in/events/idea-validation-bootcamp-for-40-innovators/,official
Startup Movement Telangana Leading the way for startup Ecosystem by MSR,MSR,event,Not specified,"Startups in Telangana, any stage, sector, geography",Check website,,,,Ultimate Chicken may be able to network and learn from other startups at this event.,,3,"General startup event, not specifically focused on food or early-stage startups","event, networking",https://startup.telangana.gov.in/events/startup-movement-telangana-leading-the-way-for-startup-ecosystem-by-msr/,official
Participation at International Agronomy Congress,"PJTSAU, Hyderabad",event,Not specified,Startups in agriculture or related sectors,Check website for deadline,https://startup.telangana.gov.in/events/participation-at-international-agronomy-congress/,,Check website for application process,Ultimate Chicken should focus on showcasing their product and business model to attract investors in the agriculture sector.,None mentioned,3,"Not specifically focused on food or early-stage startups, but related to agriculture","event, agriculture",https://startup.telangana.gov.in/events/participation-at-international-agronomy-congress/,official
Publications,BITS Pilani Research & Innovation,scheme,Not specified,Researchers and students at BITS Pilani,Rolling,https://www.bits-pilani.ac.in/research/publications/,,Check website for application process,Focus on publishing research papers in top-tier journals.,,3,"Not specific to Ultimate Chicken's needs, but can be relevant for founders' personal development","publication, research",https://www.bits-pilani.ac.in/research/publications/,official
Before Day Zero Community,Antler,community|networking,Not specified,Solo founders actively looking for a co-founder and/or are 3-6 months away from starting up.,Rolling,http://beforedayzero.in/,,Apply online through the provided link,Highlight your entrepreneurial experience and potential for growth. Emphasize your commitment to building a successful startup.,None specified,3,"General community scheme, not specifically tailored to food or early-stage startups in Telangana/Rajasthan","community, networking",https://www.antler.co/location/india,official
UX4G Accessible Devices Scheme,Government of India,grant,Not specified,All MSMEs,Check website,,,,,,2,Not specifically for food startups or early-stage companies,"MSME, grant",https://msme.gov.in/schemes,official
MFI/NGO Loan Scheme,Government of India,loan,Not specified,MFIs and NGOs,Check website,,,,,,2,Not specifically for food startups or early-stage companies,"MSME, loan",https://msme.gov.in/schemes,official
Buyer-Seller Meets Scheme,Government of India,scheme,Not specified,All MSMEs,Check website,,,,,,2,Not specifically for food startups or early-stage companies,"MSME, scheme",https://msme.gov.in/schemes,official
ISO Standard Acquisition Scheme,Government of India,subsidy,Not specified,All MSMEs,Check website,,,,,,2,Not specifically for food startups or early-stage companies,"MSME, subsidy",https://msme.gov.in/schemes,official
Global Springboard Programme - India Component (GSP India),UK Government and T-Hub,grant|loan,Not specified,Indian startups looking to scale globally,Check website,https://t-hub.co/global-springboard-programme-old,,Read More on the program page,"Focus on global scaling, leverage T-Hub's resources for growth.",,2,"General startup scheme, not specific to food or early-stage startups","grant, loan",https://t-hub.co/programs,official
Assistive Technology Exhibition 3.0,"T-Hub, Phase 2",competition,Not specified,"Innovators from Telangana, assistive technology sector, any stage","December 3, 2022",,,,Focus on assistive technology and get feedback.,,2,Not specifically focused on food or early-stage startups,"competition, assistive_technology",https://startup.telangana.gov.in/events/assistive-technology-exhibition-3-0/,official
Workshop for Inclusive Education Resource Persons (IERPs),Government of Telangana,event,Not specified,"Inclusive education resource persons, any stage, sector, geography","November 17, 2022",,,,Ultimate Chicken is not eligible for this event. Focus on food and early-stage startups.,,1,Not relevant to Ultimate Chicken,"event, education",https://startup.telangana.gov.in/events/workshop-for-inclusive-education-resource-persons-ierps/,official
Welcome to NSTEDB,National Science & Technology Entrepreneurship Development Board (NSTEDB),scheme|prerequisite,Not specified,"General public, Not limited to specific sector or geography",Check website,,,,,,1,Not relevant to Ultimate Chicken's specific needs or stage,"scheme, prerequisite",https://nstedb.com/,official
